{
  "$schema": "./mfjoystick.schema.json",
  "InstanceName": "S-TECS MODERN THROTTLE MINI PLUS",
  "VendorId": "0x231D",
  "ProductId": "0x012C",
  "Inputs": [
    {
      "Id": 1,
      "Type": "Button",
      "Label": "Sys"
    },
    {
      "Id": 2,
      "Type": "Button",
      "Label": "Start"
    },
    {
      "Id": 3,
      "Type": "Button",
      "Label": "Mode 1"
    },
    {
      "Id": 4,
      "Type": "Button",
      "Label": "Mode 2"
    },
    {
      "Id": 5,
      "Type": "Button",
      "Label": "Mode 3"
    },
    {
      "Id": 6,
      "Type": "Button",
      "Label": "Mode 4"
    },
    {
      "Id": 7,
      "Type": "Button",
      "Label": "Mode 5"
    },
    {
      "Id": 8,
      "Type": "Button",
      "Label": "Multi CCW"
    },
    {
      "Id": 9,
      "Type": "Button",
      "Label": "Multi CW"
    },
    {
      "Id": 10,
      "Type": "Button",
      "Label": "Safe"
    },
    {
      "Id": 11,
      "Type": "Button",
      "Label": "Number 1"
    },
    {
      "Id": 12,
      "Type": "Button",
      "Label": "Number 2"
    },
    {
      "Id": 13,
      "Type": "Button",
      "Label": "Number 3"
    },
    {
      "Id": 14,
      "Type": "Button",
      "Label": "Number 4"
    },
    {
      "Id": 15,
      "Type": "Button",
      "Label": "Armed"
    },
    {
      "Id": 16,
      "Type": "Button",
      "Label": "Multi Up"
    },
    {
      "Id": 17,
      "Type": "Button",
      "Label": "Multi Down"
    },
    {
      "Id": 18,
      "Type": "Button",
      "Label": "Multi Right"
    },
    {
      "Id": 19,
      "Type": "Button",
      "Label": "Multi Left"
    },
    {
      "Id": 20,
      "Type": "Button",
      "Label": "Multi Push"
    },
    {
      "Id": 1000,
      "Type": "Button",
      "Label": "Multi CCW"
    },
    {
      "Id": 1005,
      "Type": "Button",
      "Label": "Multi CW"
    },
    {
      "Id": 21,
      "Type": "Button",
      "Label": "MTG-L Aft Trigger"
    },
    {
      "Id": 22,
      "Type": "Button",
      "Label": "MTG-L Forward Trigger"
    },
    {
      "Id": 23,
      "Type": "Button",
      "Label": "MTG-L Weapon Select"
    },
    {
      "Id": 24,
      "Type": "Button",
      "Label": "MTG-L RST"
    },
    {
      "Id": 25,
      "Type": "Button",
      "Label": "MTG-L Front Encoder Up"
    },
    {
      "Id": 26,
      "Type": "Button",
      "Label": "MTG-L Front Encoder Down"
    },
    {
      "Id": 27,
      "Type": "Button",
      "Label": "MTG-L Side Encoder Fwd"
    },
    {
      "Id": 28,
      "Type": "Button",
      "Label": "MTG-L Side Encoder Aft"
    },
    {
      "Id": 1010,
      "Type": "Button",
      "Label": "MTG-L Front Encoder Up"
    },
    {
      "Id": 1015,
      "Type": "Button",
      "Label": "MTG-L Front Encoder Down"
    },
    {
      "Id": 1020,
      "Type": "Button",
      "Label": "MTG-L Side Encoder Fwd"
    },
    {
      "Id": 1025,
      "Type": "Button",
      "Label": "MTG-L Side Encoder Aft"
    },
    {
      "Id": 29,
      "Type": "Button",
      "Label": "MTG-R Aft Trigger"
    },
    {
      "Id": 30,
      "Type": "Button",
      "Label": "MTG-R Forward Trigger"
    },
    {
      "Id": 31,
      "Type": "Button",
      "Label": "MTG-R ENT"
    },
    {
      "Id": 32,
      "Type": "Button",
      "Label": "MTG-R OTS Push"
    },
    {
      "Id": 33,
      "Type": "Button",
      "Label": "MTG-R BRK Push"
    },
    {
      "Id": 34,
      "Type": "Button",
      "Label": "MTG-R MB1 Push"
    },
    {
      "Id": 35,
      "Type": "Button",
      "Label": "MTG-R RADIO Push"
    },
    {
      "Id": 36,
      "Type": "Button",
      "Label": "MTG-R MB2 Push"
    },
    {
      "Id": 37,
      "Type": "Button",
      "Label": "MTG-R OP EXEC Push"
    },
    {
      "Id": 38,
      "Type": "Button",
      "Label": "MTG-R BRK Up"
    },
    {
      "Id": 39,
      "Type": "Button",
      "Label": "MTG-R BRK Down"
    },
    {
      "Id": 40,
      "Type": "Button",
      "Label": "MTG-R BRK Fwd"
    },
    {
      "Id": 41,
      "Type": "Button",
      "Label": "MTG-R BRK Aft"
    },
    {
      "Id": 42,
      "Type": "Button",
      "Label": "MTG-R OTS Down"
    },
    {
      "Id": 43,
      "Type": "Button",
      "Label": "MTG-R OTS Aft"
    },
    {
      "Id": 44,
      "Type": "Button",
      "Label": "MTG-R OTS Up"
    },
    {
      "Id": 45,
      "Type": "Button",
      "Label": "MTG-R OTS Fwd"
    }
  ],
  "Outputs": [
    {
      "Label": "On - Blue",
      "Id": "On.Blue",
      "Byte": 0,
      "Bit": 0
    },
    {
      "Label": "On - Red",
      "Id": "On.Red",
      "Byte": 0,
      "Bit": 1
    },
    {
      "Label": "Frame - Red",
      "Id": "Frame.Red",
      "Byte": 1,
      "Bit": 0
    },
    {
      "Label": "Frame - Green",
      "Id": "Frame.Green",
      "Byte": 1,
      "Bit": 1
    },
    {
      "Label": "Frame - Blue",
      "Id": "Frame.Blue",
      "Byte": 1,
      "Bit": 2
    },
    {
      "Label": "DNT - Red",
      "Id": "DNT.Red",
      "Byte": 2,
      "Bit": 0
    },
    {
      "Label": "DNT - Green",
      "Id": "DNT.Green",
      "Byte": 2,
      "Bit": 1
    },
    {
      "Label": "DNT - Blue",
      "Id": "DNT.Blue",
      "Byte": 2,
      "Bit": 2
    },
    {
      "Label": "Lock - Red",
      "Id": "Lock.Red",
      "Byte": 3,
      "Bit": 0
    },
    {
      "Label": "Lock - Green",
      "Id": "Lock.Green",
      "Byte": 3,
      "Bit": 1
    },
    {
      "Label": "Lock - Blue",
      "Id": "Lock.Blue",
      "Byte": 3,
      "Bit": 2
    }
  ]
}
